{"train_loss": [1.5688117428468424, 0.8866790107918657, 0.7245781061011692, 0.637553090048829, 0.5819682622301767, 0.5498102517390924, 0.5279076067827271, 0.5126152195384179], "val_loss": [1.049, 0.77972, 0.66732, 0.57332, 0.54006, 0.51196, 0.49392, 0.48516], "train_acc_all6": [25.39597550231559, 45.847616894101485, 56.535595664481555, 61.772605001503905, 65.10999852809107, 67.1220340501601, 68.42883320285252, 69.35528255318604], "val_acc_all6": [37.448, 55.332, 62.424, 67.508, 69.392, 70.864, 71.796, 72.332], "train_acc_slot": [71.67947654082911, 83.20310139034954, 86.59247392339105, 88.41934756747494, 89.52903891457026, 90.19374445812063, 90.64356551807995, 90.98171348688116], "val_acc_slot": [79.63933333333334, 85.91466666666666, 88.26133333333334, 90.06333333333333, 90.72533333333334, 91.16066666666667, 91.476, 91.63933333333334], "learning_rate": [0.0001, 0.0001, 0.0001, 0.0001, 0.0001, 0.0001, 0.0001, 0.0001], "train_grad_norm_mean": [2.2976616722852903, 1.856958561979527, 1.8896830158072269, 1.8549003761147829, 1.833190184688464, 1.8382857411969697, 1.8523242080576034, 1.8898832766119569], "train_grad_norm_max": [99.06086730957031, 11.049195289611816, 6.280778884887695, 9.4957857131958, 7.0214056968688965, 9.194353103637695, 6.35594367980957, 11.158493995666504], "train_param_norm": [8288.557340339556, 7149.700426261255, 6123.581025498239, 5198.277183642428, 4370.421156084693, 3637.6611390653093, 2996.625066719013, 2442.643069184249], "train_param_abs_max": [5.528778076171875, 5.348211765289307, 5.168257236480713, 4.988302707672119, 4.808348178863525, 4.629178047180176, 4.45009708404541, 4.2710161209106445], "train_edit_logit_abs_max": [998244352.0, 998244352.0, 998244352.0, 998244352.0, 998244352.0, 998244352.0, 998244352.0, 998244352.0], "val_edit_logit_abs_max": [998244352.0, 998244352.0, 998244352.0, 998244352.0, 998244352.0, 998244352.0, 998244352.0, 998244352.0], "train_factor_logit_abs_max": [700.0, 106.5, 136.0, 165.0, 164.0, 159.0, 244.0, 276.0], "val_factor_logit_abs_max": [848.0, 640.0, 1992.0, 468.0, 576.0, 380.0, 828.0, 1872.0], "train_chooser_score_abs_max": [165.34034729003906, 220.2744903564453, 361.3768310546875, 536.5084228515625, 829.372314453125, 772.1898193359375, 949.9868774414062, 731.3111572265625], "val_chooser_score_abs_max": [120.79713439941406, 243.9435577392578, 297.8229675292969, 420.3465881347656, 481.9045715332031, 529.1319580078125, 575.0350952148438, 506.41204833984375], "train_chooser_loss": [1.6145923772182627, 1.1292272051435752, 0.9182343918989545, 0.8072897890050535, 0.7409717585472045, 0.7070495905319991, 0.6884470080784335, 0.6788508017637309], "val_chooser_loss": [1.30528, 0.99684, 0.8642, 0.74548, 0.71616, 0.68552, 0.66222, 0.66248], "train_direct_safety_loss": [0.0, 0.0, 0.0, 0.0, 0.0, 0.0, 0.0, 0.0], "val_direct_safety_loss": [0.0, 0.0, 0.0, 0.0, 0.0, 0.0, 0.0, 0.0], "train_policy_loss": [0.0, 0.0, 0.0, 0.0, 0.0, 0.0, 0.0, 0.0], "val_policy_loss": [0.0, 0.0, 0.0, 0.0, 0.0, 0.0, 0.0, 0.0], "train_policy_acc": [0.0, 0.0, 0.0, 0.0, 0.0, 0.0, 0.0, 0.0], "val_policy_acc": [0.0, 0.0, 0.0, 0.0, 0.0, 0.0, 0.0, 0.0], "per_slot": {"0": {"train_loss": [0.8686673251148196, 0.3929223578701264, 0.32555052594079514, 0.28030185865834434, 0.24941310297602923, 0.23297651985263845, 0.22129510920924358, 0.2128950955567549], "val_loss": [0.42678, 0.33545, 0.28434, 0.23528, 0.21837, 0.20733, 0.20221, 0.195485], "train_acc": [71.53008133896783, 84.31585032605983, 87.38595372232972, 89.46091868449739, 90.82510095375433, 91.55060273604407, 92.08795615844566, 92.42414869266754], "val_acc": [82.292, 86.992, 89.104, 91.316, 91.916, 92.428, 92.852, 93.268]}, "1": {"train_loss": [1.4827285351946227, 0.8169499913605345, 0.6428423628191536, 0.5524831530422651, 0.49301536544939084, 0.4573285066097244, 0.43132851514252984, 0.41170679573957025], "val_loss": [1.04464, 0.7257, 0.58296, 0.48086, 0.43656, 0.40374, 0.38497, 0.37215], "train_acc": [62.41320536969446, 77.11074941496953, 82.33005318070988, 85.15547838107082, 86.86694583161788, 87.91264113793493, 88.6298234349235, 89.16845677814067], "val_acc": [70.072, 79.572, 84.424, 87.5, 88.864, 89.7, 90.012, 90.312]}, "2": {"train_loss": [2.436316473220857, 1.5079173768449525, 1.2667226987557036, 1.1297967699065017, 1.0350506315342625, 0.974787693134718, 0.931219188572867, 0.8994910181556768], "val_loss": [1.804, 1.36212, 1.19012, 1.02572, 0.95904, 0.90052, 0.87356, 0.83872], "train_acc": [54.48878896025632, 68.18906137006991, 72.82258804255311, 75.82229579396687, 78.00605402545763, 79.33205199038353, 80.16741364267597, 80.78774859795341], "val_acc": [63.988, 72.304, 75.348, 79.1, 80.272, 81.532, 81.832, 82.2]}, "3": {"train_loss": [0.7123287305958671, 0.26676242963102015, 0.1863855356148633, 0.15887443763479167, 0.1450150284035761, 0.1365640845686347, 0.1308484381766248, 0.12587394593187834], "val_loss": [0.31954, 0.18092, 0.1477, 0.12925, 0.122775, 0.121585, 0.113615, 0.1144125], "train_acc": [77.6579155636238, 89.36215146156292, 93.54002632370478, 94.68107573078146, 95.20584326516332, 95.50129165342304, 95.66725471917471, 95.83385774533416], "val_acc": [84.828, 93.912, 95.2, 95.708, 95.968, 95.98, 96.192, 96.144]}, "4": {"train_loss": [0.5417126193792811, 0.20433722500367976, 0.16452608798602328, 0.141562575328673, 0.12860697684836564, 0.1209306517570113, 0.11466130628718436, 0.10997959592899853], "val_loss": [0.26217, 0.18144, 0.142625, 0.1252175, 0.11529, 0.11014, 0.1055475, 0.107025], "train_acc": [84.32672965299213, 92.75799470539422, 94.44663690139703, 95.37969917594431, 95.80335296589651, 96.07085641634971, 96.23276639951875, 96.41003543247457], "val_acc": [90.18, 93.732, 95.34, 95.996, 96.244, 96.284, 96.512, 96.492]}, "5": {"train_loss": [0.7345652215649592, 0.3036484142847696, 0.26643871632475, 0.24216101830500086, 0.22810615449924165, 0.21946215594128576, 0.21299802252233996, 0.20730930779749093], "val_loss": [0.33518, 0.27527, 0.24432, 0.22145, 0.21442, 0.20964, 0.20197, 0.201145], "train_acc": [79.66013835944017, 87.48280106404084, 89.0295853696518, 90.01661763858876, 90.4669364455319, 90.79502281458853, 91.0761787537411, 91.26603367471665], "val_acc": [86.476, 88.976, 90.152, 90.76, 91.088, 91.04, 91.456, 91.42]}}, "per_constraint": {"conflictWith": {"train_loss": [1.2090346167666128, 0.592754076958353, 0.4717757404116864, 0.4045935884622765, 0.3706398151301293, 0.3475642500700029, 0.3294277112238686, 0.3148718249336567], "val_loss": [0.6953459793725405, 0.5489597319732855, 0.432194928755067, 0.38969068089716546, 0.36126602978124617, 0.3343332996768618, 0.3230820735849797, 0.3262954864509143], "train_acc_all6": [31.17731239796021, 48.63644609275795, 58.984540342249005, 65.51307117086247, 67.86124604438353, 70.19329611190615, 71.94283756273558, 72.83776429564831], "val_acc_all6": [39.27629099133057, 51.300414624952886, 66.0007538635507, 69.54391255182811, 71.1270260082925, 71.6924236713155, 73.72785525819826, 74.70787787410478], "train_acc_slot": [65.57656259448129, 80.50813294902545, 84.75433186194479, 87.39308917689584, 88.50334925657926, 89.32403469520757, 89.84842682361477, 90.23710183486855], "val_acc_slot": [77.42806885287096, 82.22766679231059, 86.29224776982034, 88.28998617916824, 89.07526071114462, 89.60296519663274, 89.9736147757256, 89.90451061691168], "train_graph_count": [49613, 49613, 49613, 49613, 49613, 49613, 49613, 49613], "val_graph_count": [2653, 2653, 2653, 2653, 2653, 2653, 2653, 2653], "train_slot_count": [297678, 297678, 297678, 297678, 297678, 297678, 297678, 297678], "val_slot_count": [15918, 15918, 15918, 15918, 15918, 15918, 15918, 15918]}, "distinct": {"train_loss": [0.5185004147053158, 0.18739864311894577, 0.1286281786592619, 0.10601733340918935, 0.09389508583005231, 0.08644355660680526, 0.08148075441760062, 0.07705140575047788], "val_loss": [0.20579225739087065, 0.12264785558574445, 0.10397292277780995, 0.08260096476528217, 0.07838751960412883, 0.07514200045883154, 0.07037863886321141, 0.07180036325409747],