{"train_loss": [1.6046153944609294, 0.9077177091977243, 0.7495440282094548, 0.667564033371802, 0.6176737865817368, 0.5865194473301918, 0.5651287707000527, 0.5484204710535242], "val_loss": [1.06528, 0.82528, 0.67892, 0.6228, 0.5791, 0.54234, 0.5336, 0.52052], "train_acc_all6": [25.521194422105086, 46.84872829200967, 56.84277666021729, 61.737833819347706, 64.71172983431426, 66.60750588230275, 67.91878475784965, 69.12404352584053], "val_acc_all6": [42.88, 55.252, 62.96, 66.404, 69.052, 70.672, 71.396, 72.432], "train_acc_slot": [71.66653511924952, 83.51291333442838, 86.6933743476848, 88.33793038226257, 89.3801770130488, 90.02483046382197, 90.48222438860671, 90.87658221322485], "val_acc_slot": [80.58666666666667, 85.788, 88.474, 89.656, 90.53266666666667, 91.05133333333333, 91.24933333333334, 91.64266666666667], "learning_rate": [0.0001, 0.0001, 0.0001, 0.0001, 0.0001, 0.0001, 0.0001, 0.0001], "train_grad_norm_mean": [2.292912358247297, 1.8529593319221356, 1.888184960492313, 1.8937865197007833, 1.8662713045766781, 1.8379571018130498, 1.8695612891402307, 1.905179174836546], "train_grad_norm_max": [58.9403190612793, 10.003597259521484, 23.168838500976562, 7.83798885345459, 7.663395404815674, 5.015438079833984, 6.831961631774902, 7.255619525909424], "train_param_norm": [8288.557348248229, 7149.701993906944, 6123.58353555393, 5198.2786679605715, 4370.42003459192, 3637.6580555094383, 2996.6215879486576, 2442.6392839600985], "train_param_abs_max": [5.528778076171875, 5.348211765289307, 5.168257236480713, 4.988302707672119, 4.808348178863525, 4.629178047180176, 4.45009708404541, 4.2710161209106445], "train_edit_logit_abs_max": [998244352.0, 998244352.0, 998244352.0, 998244352.0, 998244352.0, 998244352.0, 998244352.0, 998244352.0], "val_edit_logit_abs_max": [998244352.0, 998244352.0, 998244352.0, 998244352.0, 998244352.0, 998244352.0, 998244352.0, 998244352.0], "train_factor_logit_abs_max": [648.0, 145.0, 181.0, 186.0, 182.0, 197.0, 201.0, 151.0], "val_factor_logit_abs_max": [1408.0, 1648.0, 732.0, 836.0, 1256.0, 912.0, 302.0, 2640.0], "train_chooser_score_abs_max": [160.90280151367188, 256.26898193359375, 397.9263610839844, 493.6109619140625, 755.8184814453125, 715.626708984375, 667.4697875976562, 697.7503662109375], "val_chooser_score_abs_max": [129.524658203125, 291.6607971191406, 425.841064453125, 546.7359619140625, 651.8298950195312, 543.4632568359375, 509.56170654296875, 484.37103271484375], "train_chooser_loss": [1.7395169152201784, 1.2474300256624125, 1.0353663453354351, 0.9326996303162044, 0.8746616209343848, 0.8421633648264961, 0.8255179946200661, 0.8155047474396251], "val_chooser_loss": [1.44144, 1.10476, 0.96808, 0.91012, 0.86124, 0.81388, 0.81648, 0.80024], "train_direct_safety_loss": [0.0, 0.0, 0.0, 0.0, 0.0, 0.0, 0.0, 0.0], "val_direct_safety_loss": [0.0, 0.0, 0.0, 0.0, 0.0, 0.0, 0.0, 0.0], "train_policy_loss": [0.0, 0.0, 0.0, 0.0, 0.0, 0.0, 0.0, 0.0], "val_policy_loss": [0.0, 0.0, 0.0, 0.0, 0.0, 0.0, 0.0, 0.0], "train_policy_acc": [0.0, 0.0, 0.0, 0.0, 0.0, 0.0, 0.0, 0.0], "val_policy_acc": [0.0, 0.0, 0.0, 0.0, 0.0, 0.0, 0.0, 0.0], "per_slot": {"0": {"train_loss": [0.869476341730325, 0.38027407371063976, 0.315289827402678, 0.27271112827153093, 0.24711724501310853, 0.23297491995161898, 0.2220931931677827, 0.213151079719868], "val_loss": [0.4234, 0.32817, 0.27087, 0.23795, 0.21945, 0.20621, 0.20406, 0.198165], "train_acc": [71.76238696699298, 84.8568301907722, 87.89258904515773, 89.72799549467872, 90.84046000354111, 91.53289716476208, 92.01158754978358, 92.39449719377362], "val_acc": [82.34, 87.496, 89.568, 91.36, 92.188, 92.644, 92.724, 93.072]}, "1": {"train_loss": [1.489008679996331, 0.808236930408572, 0.6372192440361023, 0.5489025745607206, 0.49374598691494287, 0.45804952866915966, 0.43261376896149356, 0.4125510101775037], "val_loss": [1.001, 0.74708, 0.55654, 0.4858, 0.43606, 0.40154, 0.38359, 0.36929], "train_acc": [62.52861156323129, 77.43350278062798, 82.3579981185164, 85.0014612429311, 86.7201815780997, 87.75393095680481, 88.49095202643463, 89.04323785835116], "val_acc": [72.64, 78.756, 84.94, 86.988, 88.54, 89.38, 89.832, 90.372]}, "2": {"train_loss": [2.445011401961265, 1.4881148686267942, 1.2551074173544463, 1.1234099650368297, 1.036828654867219, 0.9784333342577206, 0.9358674343347292, 0.9013970335701897], "val_loss": [1.71904, 1.44576, 1.13052, 1.033, 0.95052, 0.89064, 0.86218, 0.84808], "train_acc": [54.46596370571207, 68.67244479808183, 73.1333954805996, 76.05204158036089, 78.05277113522577, 79.2428841735658, 80.05179412900321, 80.77196290789476], "val_acc": [65.868, 72.14, 76.688, 78.556, 80.56, 81.384, 81.796, 82.464]}, "3": {"train_loss": [0.7161898250561565, 0.2613312989703037, 0.18428193242444735, 0.15906029280321857, 0.14613242594058182, 0.13849703165030858, 0.1332256244413679, 0.12771023232696005], "val_loss": [0.33208, 0.17776, 0.146435, 0.13693, 0.1275625, 0.12057, 0.121105, 0.11606], "train_acc": [77.59434616311738, 89.68042510436688, 93.74886673677788, 94.71200715049096, 95.153793151997, 95.42300316353762, 95.57680698154141, 95.76090225884693], "val_acc": [86.44, 94.004, 95.208, 95.476, 95.708, 95.904, 95.868, 96.048]}, "4": {"train_loss": [0.5446956348300586, 0.20194430637891203, 0.16739324393797503, 0.14671358998589953, 0.13444928207108253, 0.12661723328050103, 0.12008310419195399, 0.11330299032166544], "val_loss": [0.26332, 0.186285, 0.149445, 0.133875, 0.1225525, 0.113085, 0.11046, 0.1041575], "train_acc": [84.27979922308806, 92.91926472815548, 94.22969032315868, 94.9667113927885, 95.4236431239454, 95.70245254160275, 95.93177168772492, 96.19842185763441], "val_acc": [90.236, 93.496, 94.956, 95.472, 95.852, 96.16, 96.252, 96.54]}, "5": {"train_loss": [0.73962997489222, 0.30257674725190337, 0.2686215146156291, 0.2479737253588578, 0.23390712894562257, 0.22379575450265476, 0.21494323551182967, 0.20733757271550132], "val_loss": [0.3437, 0.27862, 0.24826, 0.23171, 0.22007, 0.20707, 0.20368, 0.19403], "train_acc": [79.36810309335529, 87.51501240456591, 88.79770638189851, 89.56736543232525, 90.09021308548378, 90.49381478265877, 90.83043395715252, 91.09047120284825], "val_acc": [85.996, 88.836, 89.484, 90.084, 90.348, 90.836, 91.024, 91.36]}}, "per_constraint": {"conflictWith": {"train_loss": [1.2137294731517758, 0.5891942974241029, 0.477756762863153, 0.42093049224875134, 0.3851067258352821, 0.35914003369313846, 0.33677038327498715, 0.31764361295299676], "val_loss": [0.6671737038260924, 0.5458651327625533, 0.44339475758726654, 0.4280848157422329, 0.3801741322046369, 0.34311779432971357, 0.3315906389782006, 0.3033743303674956], "train_acc_all6": [30.80039505774696, 48.99119182472336, 57.05762602543688, 61.540322092999816, 64.79350170318263, 67.48835990566988, 69.74583274544977, 71.97911837623204], "val_acc_all6": [43.83716547304938, 51.45118733509235, 60.384470410855634, 65.4353562005277, 68.26234451564267, 72.06935544666415, 72.86091217489634, 75.9140595552205], "train_acc_slot": [65.5836171971056, 80.38921250478705, 84.26655648049234, 86.32985978137451, 87.59061805037658, 88.57591088357218, 89.3421751019558, 90.05334623317813], "val_acc_slot": [78.73476567407965, 82.83703982912427, 85.75197889182058, 86.44930267621561, 88.08895589898228, 89.27000879507476, 89.55270762658625, 90.92222641035306], "train_graph_count": [49613, 49613, 49613, 49613, 49613, 49613, 49613, 49613], "val_graph_count": [2653, 2653, 2653, 2653, 2653, 2653, 2653, 2653], "train_slot_count": [297678, 297678, 297678, 297678, 297678, 297678, 297678, 297678], "val_slot_count": [15918, 15918, 15918, 15918, 15918, 15918, 15918, 15918]}, "distinct": {"train_loss": [0.5193854233343255, 0.1897577315486253, 0.13319261233924015, 0.11292211769263095, 0.09918272772515137, 0.09053834382437305, 0.08521694616830573, 0.0799576858947091], "val_loss": [0.20803529808288865, 0.12626419726135352, 0.10552886436538679, 0.09496021422438393, 0.08524448810396236, 0.07330434269808661, 0.07333256211830144, 0.07099408806521522],