constraint_type,support,fidelity_micro_f1,primary_fix_rate,primary_exact_rate,primary_alternative_rate,primary_total,gfr,srr,sir,disruption_add_mean,disruption_del_mean,disruption_total_ops_mean,disruption_changed_mean
conflictWith,15093,0.005712549377089031,0.9033989266547406,0.4128735175246803,0.4905254091300603,30186,0.9377786346174268,2.1943475639627758e-05,0.002650094314936837,0.0,1.0,1.0,1.0
single,17958,0.5118449017676637,0.92577124401381,0.7006905000556855,0.22508074395812452,35916,0.9719722319345571,0.00023853264071366714,0.005258100135602756,0.0,1.0,1.0,1.0
type,15001,0.17028710815176187,0.5582294513699086,0.5582294513699086,0.0,30002,0.9044515338698348,0.027948979278974426,0.014287177934703158,1.0,0.0,1.0,1.0
distinct,34232,0.5609534619750284,0.9705538677261042,0.7592895536340266,0.21126431409207758,68464,0.9371112777540668,0.0008290821640958791,0.7636313403253904,0.0,1.0,1.0,1.0
valueType,14999,0.09954362060982869,0.5380025335022335,0.5380025335022335,0.0,29998,0.743285117239962,0.013104147416072567,0.030981565107663072,1.0,0.0,1.0,1.0
itemRequiresStatement,15001,6.651147322913203e-05,0.5716952203186454,0.48916738884074396,0.08252783147790148,30002,0.9238871029967645,0.0033496128110240527,0.007041388686016495,1.0,0.0,1.0,1.0
inverse,15001,0.27819325931538896,0.9548363442437171,0.5955602959802679,0.3592760482634491,30002,0.7673257396704584,0.04103673263806356,0.0013249910323438754,1.0,0.0,1.0,1.0
valueRequiresStatement,15003,0.00026377394572851066,0.47890421915616876,0.47890421915616876,0.0,30006,0.6645493682716475,0.009859811714193709,0.026187202989342552,1.0,0.0,1.0,1.0
oneOf,1028,0.713952886357753,0.7607003891050583,0.6707198443579766,0.08998054474708171,2056,0.7619918632114787,0.016213910576305616,0.0017068625644870111,1.0,1.0,2.0,2.0
