constraint_type,support,fidelity_micro_f1,primary_fix_rate,primary_exact_rate,primary_alternative_rate,primary_total,gfr,srr,sir,disruption_add_mean,disruption_del_mean,disruption_total_ops_mean,disruption_changed_mean
conflictWith,15093,0.7170118426222147,0.8332339495130193,0.7498509242695289,0.08338302524349037,30186,0.925645707113963,0.014159908564631387,0.006274079963507998,0.3467170211356258,0.8337639965546942,1.18048101769032,1.18048101769032
single,17958,0.6290729247478666,0.8888796079741619,0.7315959460964473,0.15728366187771467,35916,0.9612380974786934,0.008921485682620845,0.0005903822512358647,0.2592716338122285,0.8891858781601515,1.14845751197238,1.14845751197238
type,15001,0.4646583202921231,0.7183521098593427,0.7077861475901607,0.010565962269182055,30002,0.9007588836590498,0.03276595825244082,0.013967236418234682,0.9602693153789748,0.06206252916472235,1.022331844543697,1.022331844543697
distinct,34232,0.6560086073714412,0.9828523019397055,0.8137415283944847,0.16911077354522083,68464,0.9347075220849799,0.0002727409059357681,0.7594365343050669,0.06715938303341902,0.9917328815143726,1.0588922645477916,1.0588922645477916
valueType,14999,0.4829713235776626,0.7343156210414028,0.7089472631508767,0.025368357890526036,29998,0.7457350215333657,0.013369020894327656,0.03377693871210925,0.9469964664310954,0.0690046003066871,1.0160010667377826,1.0160010667377826
itemRequiresStatement,15001,0.5928064237839272,0.8540763949070062,0.7835810945936937,0.07049530031331244,30002,0.9162654983413419,0.01166043735625628,0.00891320579610268,0.9855342977134858,0.018998733417772147,1.004533031131258,1.004533031131258
inverse,15001,0.7562532569046378,0.8640423971735217,0.810879274715019,0.053163122458502764,30002,0.7897732256697749,0.03471443088219349,0.0036186809979341502,0.8850743283781082,0.13832411172588494,1.023398440103993,1.023398440103993
valueRequiresStatement,15003,0.6301057027273914,0.8775578217689796,0.7936412717456509,0.08391655002332866,30006,0.668073433705823,0.0072721247552314265,0.009519688591759558,0.9571419049523429,0.0643871225754849,1.0215290275278277,1.0215290275278277
oneOf,1028,0.9109020475926951,0.8433852140077821,0.8433852140077821,0.0,2056,0.7517449982700277,0.014612211824767034,0.01363292302296009,0.914396887159533,0.8433852140077821,1.7577821011673151,1.7577821011673151
