{"train_loss": [1.5663222968605675, 0.8755948965290681, 0.7083145789380497, 0.6249341374080324, 0.5795342794792429, 0.5497355896915177, 0.530176266428317, 0.516506712118077], "val_loss": [1.04872, 0.7704, 0.63428, 0.57516, 0.53612, 0.51032, 0.49974, 0.4909], "train_acc_all6": [25.519701181153593, 47.23163793599969, 57.68005819373308, 62.71995972515834, 65.25377629970626, 66.99596184982688, 68.20463373999262, 69.11892384257827], "val_acc_all6": [41.632, 55.652, 63.652, 67.188, 69.34, 70.552, 71.364, 72.016], "train_acc_slot": [71.4989365991224, 83.5213750331535, 86.99941763602892, 88.63437426448995, 89.49572542000958, 90.0848445287296, 90.51390242879197, 90.83267381857976], "val_acc_slot": [79.732, 85.48066666666666, 88.57666666666667, 89.864, 90.66333333333333, 91.09933333333333, 91.28266666666667, 91.51266666666666], "learning_rate": [0.0001, 0.0001, 0.0001, 0.0001, 0.0001, 0.0001, 0.0001, 0.0001], "train_grad_norm_mean": [2.1879188623686026, 1.8758273947186865, 1.8659850241835982, 1.8231535866921647, 1.820264057821582, 1.8062219807804931, 1.840433382636595, 1.880095065876386], "train_grad_norm_max": [29.960540771484375, 5.978409290313721, 9.211532592773438, 7.848260402679443, 11.107325553894043, 8.93515682220459, 4.972961902618408, 7.70574426651001], "train_param_norm": [8288.564535806105, 7149.7109884684105, 6123.597486812057, 5198.298812687708, 4370.447159091447, 3637.6906609740436, 2996.6585796097042, 2442.6820900160455], "train_param_abs_max": [5.528777599334717, 5.348211288452148, 5.168256759643555, 4.988302230834961, 4.808347702026367, 4.629177570343018, 4.450096607208252, 4.271015644073486], "train_edit_logit_abs_max": [998244352.0, 998244352.0, 998244352.0, 998244352.0, 998244352.0, 998244352.0, 998244352.0, 998244352.0], "val_edit_logit_abs_max": [998244352.0, 998244352.0, 998244352.0, 998244352.0, 998244352.0, 998244352.0, 998244352.0, 998244352.0], "train_factor_logit_abs_max": [616.0, 292.0, 158.0, 199.0, 149.0, 156.0, 130.0, 138.0], "val_factor_logit_abs_max": [1856.0, 616.0, 424.0, 414.0, 253.0, 536.0, 372.0, 2656.0], "train_chooser_score_abs_max": [156.32078552246094, 261.5785827636719, 529.3436889648438, 664.7053833007812, 566.3466186523438, 698.3240356445312, 700.6843872070312, 608.809326171875], "val_chooser_score_abs_max": [92.04393005371094, 186.6693878173828, 356.3808898925781, 440.93060302734375, 474.6073913574219, 468.6514892578125, 378.5675048828125, 350.86077880859375], "train_chooser_loss": [1.5875305847744887, 1.1098108063714458, 0.8947179801142969, 0.787376354316213, 0.734998794741232, 0.7062880376467376, 0.6909652522830587, 0.6840483468756067], "val_chooser_loss": [1.24604, 0.943, 0.78924, 0.73208, 0.70548, 0.67554, 0.67362, 0.67194], "train_direct_safety_loss": [0.0, 0.0, 0.0, 0.0, 0.0, 0.0, 0.0, 0.0], "val_direct_safety_loss": [0.0, 0.0, 0.0, 0.0, 0.0, 0.0, 0.0, 0.0], "train_policy_loss": [0.0, 0.0, 0.0, 0.0, 0.0, 0.0, 0.0, 0.0], "val_policy_loss": [0.0, 0.0, 0.0, 0.0, 0.0, 0.0, 0.0, 0.0], "train_policy_acc": [0.0, 0.0, 0.0, 0.0, 0.0, 0.0, 0.0, 0.0], "val_policy_acc": [0.0, 0.0, 0.0, 0.0, 0.0, 0.0, 0.0, 0.0], "per_slot": {"0": {"train_loss": [0.8683340124024327, 0.3804857939455479, 0.30515738759628735, 0.26757064629601585, 0.24659194417838684, 0.2326738719097912, 0.2226584915279908, 0.2149163038446688], "val_loss": [0.45036, 0.33517, 0.26667, 0.23384, 0.21895, 0.20923, 0.20431, 0.199075], "train_acc": [71.48997715341345, 84.77896834115863, 88.40733053315101, 90.07826715787184, 90.98317117447667, 91.58750711955953, 92.00198814366685, 92.3217550274223], "val_acc": [80.696, 86.888, 89.984, 91.48, 92.232, 92.684, 92.784, 93.076]}, "1": {"train_loss": [1.498064119766457, 0.819915141249928, 0.6306372512420565, 0.5408390734226576, 0.49046192342233763, 0.45593819262381635, 0.432326853378671, 0.41505432197261394], "val_loss": [1.06768, 0.70078, 0.5613, 0.48974, 0.43883, 0.40706, 0.39153, 0.37719], "train_acc": [62.144635318561626, 76.95523903587831, 82.64662026242642, 85.50105700127352, 86.919635905192, 87.82645980302019, 88.49521842915318, 88.9963074284471], "val_acc": [69.928, 80.136, 84.876, 87.08, 88.508, 89.256, 89.652, 90.064]}, "2": {"train_loss": [2.448441589746981, 1.5064326686988965, 1.2494523005510059, 1.110491297605055, 1.0302551948786103, 0.9712924427075444, 0.9312703854054896, 0.9017532781971889], "val_loss": [1.82592, 1.34656, 1.14612, 1.03492, 0.95352, 0.89764, 0.86652, 0.8444], "train_acc": [54.25840321345453, 68.3784896507736, 73.63469780002944, 76.50534686920703, 78.07879619180893, 79.27445555368308, 80.07461938354747, 80.67020920305731], "val_acc": [64.064, 73.168, 76.976, 79.024, 80.372, 81.188, 81.676, 82.128]}, "3": {"train_loss": [0.7114429187314278, 0.24888860209181726, 0.17875080795001483, 0.1546544320458041, 0.14279209926212566, 0.13563000902344174, 0.13027207383436545, 0.12582821542773887], "val_loss": [0.30566, 0.21341, 0.14761, 0.13437, 0.1229475, 0.1208125, 0.118485, 0.1188025], "train_acc": [77.64234319370108, 90.5426650937862, 93.95536062835579, 94.89012946399049, 95.27431902879609, 95.52091710592838, 95.71077202690394, 95.84964343539279], "val_acc": [87.912, 92.328, 95.056, 95.604, 95.912, 96.048, 96.068, 96.04]}, "4": {"train_loss": [0.5432930549363346, 0.2024549414542887, 0.16534363740696575, 0.14602123281972956, 0.1343798197018211, 0.12649017447453917, 0.1207845274639009, 0.11557858287167301], "val_loss": [0.2759, 0.197275, 0.14305, 0.128505, 0.115285, 0.1118225, 0.109875, 0.1070775], "train_acc": [84.1509538609878, 92.83244343283296, 94.33485715017098, 95.0309207537027, 95.43878885359626, 95.7267710370985, 95.93987785289016, 96.13207929536092], "val_acc": [89.624, 92.9, 94.936, 95.684, 96.068, 96.3, 96.272, 96.444]}, "5": {"train_loss": [0.7363299123894201, 0.3019570522570337, 0.26546837635644943, 0.24457713549455073, 0.23093371290096187, 0.2217897452744257, 0.21442646748254507, 0.20882441406291663], "val_loss": [0.34974, 0.29186, 0.24149, 0.225, 0.20987, 0.205385, 0.20314, 0.200185], "train_acc": [79.30730685461593, 87.64044464449132, 89.01763944203985, 89.80052434089411, 90.27964136618748, 90.57295655308792, 90.86093873659016, 91.02604852179812], "val_acc": [86.168, 87.464, 89.632, 90.312, 90.888, 91.12, 91.244, 91.324]}}, "per_constraint": {"conflictWith": {"train_loss": [1.2168436640778904, 0.5911667590868891, 0.47721734462993987, 0.4141288164107449, 0.3781263852169264, 0.35294338057801555, 0.33588286924607585, 0.3230935810053409], "val_loss": [0.6996284082376533, 0.4915194277757975, 0.41648790419648407, 0.38001446693832364, 0.35291918258089444, 0.33576104635418863, 0.32643425484850325, 0.31405284276992956], "train_acc_all6": [30.675427811259144, 49.70471449015379, 58.36171971055973, 62.94721141636265, 66.00689335456433, 68.24017898534659, 69.73777034245057, 70.9713180013303], "val_acc_all6": [42.517904259329065, 53.29815303430079, 60.5352431209951, 66.07614021862042, 69.84545797210704, 72.03166226912928, 72.63475310968715, 73.31323030531473], "train_acc_slot": [65.2339104670147, 80.61966285718125, 84.4721477569723, 86.69065231558933, 87.90639550117912, 88.76940855555331, 89.3445266361639, 89.76309972520643], "val_acc_slot": [78.10026385224275, 84.1688654353562, 86.29224776982034, 88.07010931021485, 88.97474557105164, 89.79771328056289, 89.94220379444654, 90.33798215856264], "train_graph_count": [49613, 49613, 49613, 49613, 49613, 49613, 49613, 49613], "val_graph_count": [2653, 2653, 2653, 2653, 2653, 2653, 2653, 2653], "train_slot_count": [297678, 297678, 297678, 297678, 297678, 297678, 297678, 297678], "val_slot_count": [15918, 15918, 15918, 15918, 15918, 15918, 15918, 15918]}, "distinct": {"train_loss": [0.5202658803642021, 0.18093005153210828, 0.1249891850088477, 0.10393377532770562, 0.09345665685914972, 0.0874919484442002, 0.08320559620680708, 0.0792207229030117], "val_loss": [0.1960588128857655, 0.12690729359230435, 0.09787305499499181, 0.0899333817339626, 0.0810618053861868, 0.07789753643227447, 0.07407751697704104, 0.0768039518934682],