variant,delta_fidelity_f1,delta_primary_fix_rate,delta_gfr,delta_srr,delta_sir,delta_disruption_total_ops_mean,prediction_delta_support,prediction_changed_rate,slot_changed_rate,changed_slots_mean
no_factor_pressure,-0.45454052123504574,-0.4244745876245499,-0.015320488348270933,0.0005859909929376069,-0.13066383018005298,-0.1191562700605654,143316,0.6399564743041992,0.45837751030921936,2.750265121459961
primary_only_pressure,-0.38677686311791387,-0.3454359596974518,-0.013893163803252562,-0.0007929126995955167,-0.1302316851583325,-0.11257640458846185,143316,0.5744020342826843,0.38700029253959656,2.3220016956329346
secondary_only_pressure,-0.008186145232268904,-0.005184347874626627,0.00034665423603197354,-0.00015263588754669925,0.00018313442072395714,-0.0014722710653380933,143316,0.03892098739743233,0.011418823152780533,0.0685129389166832
