variant,delta_fidelity_f1,delta_primary_fix_rate,delta_gfr,delta_srr,delta_sir,delta_disruption_total_ops_mean,prediction_delta_support,prediction_changed_rate,slot_changed_rate,changed_slots_mean
no_factor_pressure,-0.37138992819193717,-0.3491340813307656,-0.014618654076627546,0.0002547172078082704,-0.13045169164008938,-0.20636914231488468,143316,0.5930600762367249,0.4006344974040985,2.4038069248199463
primary_only_pressure,-0.3156459989701798,-0.27756147255016883,-0.014128254631975423,0.00030215706036190206,-0.12989889664254647,-0.20201512741075678,143316,0.5381185412406921,0.3292270302772522,1.9753621816635132
secondary_only_pressure,-0.000151052644814742,-0.00048494236512319766,0.00020054528519930503,-5.538499517194692e-05,0.0003286566514786038,-2.7910351949600454e-05,143316,0.029145384207367897,0.00741717591881752,0.04450305551290512
