constraint_type,support,fidelity_micro_f1,primary_fix_rate,primary_exact_rate,primary_alternative_rate,primary_total,gfr,srr,sir,disruption_add_mean,disruption_del_mean,disruption_total_ops_mean,disruption_changed_mean
conflictWith,15093,0.7160223681011428,0.8886901212482607,0.7977539256609024,0.09093619558735838,30186,0.9807195388590737,0.0,0.0,0.007023123302193069,0.9925793414165507,0.9996024647187438,0.9996024647187438
single,17958,0.5092178409825469,0.9238500946653302,0.6985466087537587,0.22530348591157145,35916,0.9996658870698296,0.0,0.0,0.007461855440472213,0.997716894977169,1.0051787504176413,1.0051787504176413
type,15001,0.5124760076775433,0.7369842010532631,0.7353843077128192,0.0015998933404439703,30002,0.732951136590894,0.0,0.0,0.9672688487434171,0.02479834677688154,0.9920671955202987,0.9920671955202987
distinct,34232,0.5714928943295342,0.969239308249591,0.7670600607618603,0.20217924748773078,68464,0.9978967048375789,0.0,0.0,0.01790722131339098,0.9993281140453377,1.0172353353587287,1.0172353353587287
valueType,14999,0.3332008215729146,0.6560104006933796,0.6522768184545636,0.003733582238815921,29998,0.20648043202880192,0.0,0.0,0.9871324754983666,0.00940062670844723,0.9965331022068138,0.9965331022068138
itemRequiresStatement,15001,0.3577567468147009,0.7959802679821345,0.6659556029598027,0.13002466502233184,30002,0.7711485900939937,0.0,0.0,0.9792013865742284,0.00966602226518232,0.9888674088394107,0.9888674088394107
inverse,15001,0.6980311431322422,0.9116392240517299,0.8168788747416839,0.094760349310046,30002,0.9725351643223785,0.0,0.0,0.9549363375774949,0.029464702353176456,0.9844010399306713,0.9844010399306713
valueRequiresStatement,15003,0.5957095164115956,0.8663267346530694,0.7792108245017663,0.08711591015130307,30006,0.6351396387389189,0.0,0.0,0.9941345064320469,0.0007998400319936012,0.9949343464640406,0.9949343464640406
oneOf,1028,0.6115950735956744,0.5904669260700389,0.5899805447470817,0.00048638132295719845,2056,0.8891050583657587,0.0,0.0,0.4892996108949416,0.9912451361867705,1.4805447470817121,1.4805447470817121
