variant,delta_fidelity_f1,delta_primary_fix_rate,delta_gfr,delta_srr,delta_sir,delta_disruption_total_ops_mean,prediction_delta_support,prediction_changed_rate,slot_changed_rate,changed_slots_mean
no_factor_pressure,-0.4438060531133798,-0.4317940774233163,-0.015403468667126607,0.0001662333363654997,-0.13197861945285916,-0.08103770688548373,143316,0.6357908248901367,0.4638700485229492,2.7832202911376953
primary_only_pressure,-0.35930917697972137,-0.3486177398196991,-0.014499095886679081,-0.0003728638200382207,-0.13144445763619456,-0.07115744229534726,143316,0.5423120856285095,0.3830184042453766,2.2981104850769043
secondary_only_pressure,-0.017472650828508463,-0.010141924139663416,0.00026450146732825974,-0.00011331817874999511,0.0001873910983496152,-0.0007396243266626357,143316,0.046533532440662384,0.012800385244190693,0.0768023133277893
