{"train_loss": [1.5653879546652048, 0.8730947845359968, 0.7093779798156488, 0.6259783394733979, 0.578426081373099, 0.5476877163866128, 0.5274383024836864, 0.5131047892503717], "val_loss": [1.03328, 0.7552, 0.62018, 0.59198, 0.53584, 0.50892, 0.494, 0.47402], "train_acc_all6": [26.092252425983247, 47.268328999379236, 57.38375652492966, 62.610526495427486, 65.37430217650535, 67.08939606936318, 68.31918665298574, 69.26675469677609], "val_acc_all6": [43.392, 56.516, 64.452, 66.888, 69.348, 70.94, 71.636, 72.644], "train_acc_slot": [71.91345317658569, 83.64517181870349, 87.01463447239175, 88.68514445684072, 89.6184911582359, 90.21017010858706, 90.62507777296622, 90.94523574363755], "val_acc_slot": [80.19, 86.18, 88.91533333333334, 89.748, 90.668, 91.184, 91.43733333333333, 91.732], "learning_rate": [0.0001, 0.0001, 0.0001, 0.0001, 0.0001, 0.0001, 0.0001, 0.0001], "train_grad_norm_mean": [2.1961812748528984, 1.8877629232979238, 1.8907485020603154, 1.8526982960482352, 1.8355093317911615, 1.833441196635821, 1.8478860216760218, 1.9039012020592085], "train_grad_norm_max": [22.442541122436523, 7.471812725067139, 7.176002502441406, 9.148468971252441, 6.704463481903076, 7.317892551422119, 6.709680080413818, 9.681235313415527], "train_param_norm": [8288.558016395998, 7149.701914373369, 6123.584536080629, 5198.281178156418, 4370.425261268704, 3637.6638339217748, 2996.6263551238553, 2442.6426480218643], "train_param_abs_max": [5.528778076171875, 5.348211765289307, 5.168257236480713, 4.988302707672119, 4.808348178863525, 4.629178047180176, 4.45009708404541, 4.2710161209106445], "train_edit_logit_abs_max": [998244352.0, 998244352.0, 998244352.0, 998244352.0, 998244352.0, 998244352.0, 998244352.0, 998244352.0], "val_edit_logit_abs_max": [998244352.0, 998244352.0, 998244352.0, 998244352.0, 998244352.0, 998244352.0, 998244352.0, 998244352.0], "train_factor_logit_abs_max": [644.0, 130.0, 180.0, 185.0, 151.0, 160.0, 142.0, 120.0], "val_factor_logit_abs_max": [592.0, 298.0, 436.0, 284.0, 498.0, 524.0, 226.0, 226.0], "train_chooser_score_abs_max": [188.0564422607422, 335.1747741699219, 727.28564453125, 591.9078979492188, 576.1179809570312, 765.7291259765625, 686.12646484375, 637.1503295898438], "val_chooser_score_abs_max": [182.76783752441406, 396.7569274902344, 462.3170166015625, 486.7310791015625, 498.40606689453125, 544.69140625, 661.9707641601562, 632.2883911132812], "train_chooser_loss": [1.6281019414265572, 1.1176588541722219, 0.9093666738484446, 0.8052312496933524, 0.7494245689333353, 0.716141294725233, 0.6977520324075951, 0.6878763767148273], "val_chooser_loss": [1.27948, 0.96444, 0.81776, 0.77536, 0.70472, 0.67828, 0.67018, 0.6519], "train_direct_safety_loss": [0.0, 0.0, 0.0, 0.0, 0.0, 0.0, 0.0, 0.0], "val_direct_safety_loss": [0.0, 0.0, 0.0, 0.0, 0.0, 0.0, 0.0, 0.0], "train_policy_loss": [0.0, 0.0, 0.0, 0.0, 0.0, 0.0, 0.0, 0.0], "val_policy_loss": [0.0, 0.0, 0.0, 0.0, 0.0, 0.0, 0.0, 0.0], "train_policy_acc": [0.0, 0.0, 0.0, 0.0, 0.0, 0.0, 0.0, 0.0], "val_policy_acc": [0.0, 0.0, 0.0, 0.0, 0.0, 0.0, 0.0, 0.0], "per_slot": {"0": {"train_loss": [0.8550340352276873, 0.3694131456400564, 0.29902950004159745, 0.262417631762515, 0.24263618890777958, 0.22813841916980068, 0.21837742305009397, 0.21074456193643487], "val_loss": [0.4172, 0.30949, 0.24711, 0.23773, 0.217945, 0.207865, 0.202895, 0.19101], "train_acc": [72.2133457343439, 85.57038604545, 88.71045844630412, 90.29158729379942, 91.1365483522086, 91.751123663816, 92.14661919582575, 92.47043916216383], "val_acc": [82.996, 88.34, 90.788, 91.56, 92.256, 92.732, 92.892, 93.196]}, "1": {"train_loss": [1.4754137877336655, 0.7980828919384187, 0.6219199238873755, 0.5331776807408182, 0.48122249503497383, 0.44847625426906923, 0.4256947303526822, 0.40799235887273105], "val_loss": [1.02868, 0.70144, 0.53532, 0.49992, 0.4354, 0.40142, 0.38173, 0.35904], "train_acc": [62.53821096934803, 77.77716151960732, 82.83647518340199, 85.55332043457578, 87.08218584876882, 88.01439484277239, 88.65115544851625, 89.17229654058735], "val_acc": [70.312, 79.972, 85.012, 86.484, 88.536, 89.604, 90.184, 90.576]}, "2": {"train_loss": [2.4259469814134165, 1.4917050465144557, 1.2382060629849034, 1.102621917790686, 1.0200307607636008, 0.9635638541828879, 0.923500199454327, 0.8928834269453196], "val_loss": [1.73216, 1.31192, 1.09, 1.05312, 0.96016, 0.9012, 0.85604, 0.82854], "train_acc": [54.916922473062996, 68.66519191346029, 73.7379447458184, 76.68730894515326, 78.45850603376005, 79.56798406071944, 80.35662860324375, 80.93813929378236], "val_acc": [65.236, 72.692, 77.552, 78.72, 80.552, 81.404, 82.072, 82.484]}, "3": {"train_loss": [0.7071269190812728, 0.2619941912926987, 0.18456911465743986, 0.15642952222689158, 0.1436801776530092, 0.13564054170515316, 0.13035260218567812, 0.12600500449038887], "val_loss": [0.32032, 0.177815, 0.140505, 0.136735, 0.1221425, 0.12075, 0.120435, 0.110925], "train_acc": [77.96125679691283, 89.62986823215203, 93.64903291316378, 94.77600319126924, 95.21480271087229, 95.47377335588838, 95.64912250762086, 95.80079312426538], "val_acc": [87.148, 93.872, 95.228, 95.448, 95.808, 95.956, 95.976, 96.1]}, "4": {"train_loss": [0.5396604796716576, 0.2041041727551789, 0.16595733277301244, 0.14464891772029037, 0.1316701206752009, 0.12331050452345348, 0.11763365573116544, 0.11332925536340152], "val_loss": [0.27808, 0.188425, 0.13677, 0.130695, 0.115855, 0.1111275, 0.1099175, 0.10127], "train_acc": [84.29857139504969, 92.81537782195875, 94.30328577005369, 95.11688876848153, 95.54438232088042, 95.84260387090718, 96.02029954413487, 96.17303676145903], "val_acc": [89.776, 93.38, 95.3, 95.772, 96.064, 96.252, 96.36, 96.532]}, "5": {"train_loss": [0.7325808110004928, 0.30497366562921974, 0.2677562348142728, 0.24427688740323264, 0.22925834988342056, 0.21885366025355232, 0.21166823812500132, 0.20636776604754054], "val_loss": [0.35614, 0.26888, 0.23622, 0.22639, 0.210685, 0.204035, 0.2023, 0.191075], "train_acc": [79.55241169079673, 87.41304537959252, 88.85060977560855, 89.68575810776507, 90.27452168292521, 90.61114085741896, 90.92664133845587, 91.11670957956734], "val_acc": [85.672, 88.824, 89.612, 90.504, 90.792, 91.156, 91.14, 91.504]}}, "per_constraint": {"conflictWith": {"train_loss": [1.199881626571173, 0.6028387101619921, 0.4782882326714768, 0.41390017765238335, 0.3750604387601973, 0.34922072528588993, 0.3331661187182162, 0.31864733335093837], "val_loss": [0.6998362153120744, 0.5308776836416832, 0.4143287639459753, 0.3933999142330456, 0.3524945587694892, 0.32361828684731936, 0.3240676977359136, 0.3002426636579993], "train_acc_all6": [31.955334287384353, 49.63618406466047, 58.53304577429303, 63.61034406304799, 66.78491524398846, 69.37093100598634, 70.73146151210368, 71.92066595448773], "val_acc_all6": [45.26950621937429, 52.12966453071994, 64.94534489257444, 69.01620806634, 71.54165096117603, 73.31323030531473, 72.97399170750094, 75.65020731247644], "train_acc_slot": [66.06333017555883, 80.30623694058681, 84.56990439333777, 86.80016662299532, 88.13415838590691, 89.06066286389992, 89.5790081900577, 90.0352058264299], "val_acc_slot": [79.06143987938184, 83.15114964191481, 86.56866440507602, 87.80625706747078, 89.22603342128409, 90.02387234577208, 90.12438748586506, 90.85312225153913], "train_graph_count": [49613, 49613, 49613, 49613, 49613, 49613, 49613, 49613], "val_graph_count": [2653, 2653, 2653, 2653, 2653, 2653, 2653, 2653], "train_slot_count": [297678, 297678, 297678, 297678, 297678, 297678, 297678, 297678], "val_slot_count": [15918, 15918, 15918, 15918, 15918, 15918, 15918, 15918]}, "distinct": {"train_loss": [0.5157977088476146, 0.1855416004046012, 0.1296336967385124, 0.10771110133067646, 0.09635401543536916, 0.08952163601737578, 0.08447852065431433, 0.07966115125216554], "val_loss": [0.1930046055539579, 0.11525457790021977, 0.09613973101386426, 0.08673129420853615, 0.07929622969879829, 0.07328349366780709, 0.07285128417705249, 0.06617612234775762],