variant,delta_fidelity_f1,delta_primary_fix_rate,delta_gfr,delta_srr,delta_sir,delta_disruption_total_ops_mean,prediction_delta_support,prediction_changed_rate,slot_changed_rate,changed_slots_mean
no_factor_pressure,-0.4270482990120853,-0.4173783806413799,-0.01355865424283409,-0.0013253124045629495,-0.12608641494748007,-0.08948058835021921,143316,0.6250802278518677,0.4427221417427063,2.6563329696655273
primary_only_pressure,-0.3800559045323161,-0.3492213011806079,-0.012652712050354786,-0.0019186235445023472,-0.12571625090194147,-0.08550336319741003,143316,0.5725599527359009,0.3734951615333557,2.240971088409424
secondary_only_pressure,-0.0013743948220054092,-0.001639733177035363,0.00021297031735367788,-0.0001841252175535258,0.00018124828644827673,0.00011861899578535784,143316,0.02691255696117878,0.007602082099765539,0.04561249166727066
