{"train_loss": [1.5871594077379747, 0.8818985065457283, 0.7018680444303179, 0.6146414408495261, 0.5684085677899394, 0.5387592020973636, 0.5169621506082823, 0.5022505274340361], "val_loss": [1.1178, 0.76252, 0.62576, 0.55684, 0.54206, 0.50474, 0.48834, 0.4791], "train_acc_all6": [25.11993924642529, 47.1296709110263, 58.45142380524725, 63.491112016536576, 65.99847689422948, 67.75858133576803, 69.07519321471311, 69.97007118492935], "val_acc_all6": [38.184, 56.208, 64.284, 68.128, 69.088, 71.42, 72.276, 72.672], "train_acc_slot": [71.47227158213146, 83.5187440848104, 87.23261209795376, 88.95815867747204, 89.83508220291438, 90.42032599583172, 90.86751610744793, 91.17523040352349], "val_acc_slot": [79.442, 86.176, 89.07066666666667, 90.376, 90.64866666666667, 91.33866666666667, 91.60133333333333, 91.81066666666666], "learning_rate": [0.0001, 0.0001, 0.0001, 0.0001, 0.0001, 0.0001, 0.0001, 0.0001], "train_grad_norm_mean": [2.3450320688397603, 1.8895050818873285, 1.878412112853933, 1.8056364388705342, 1.788190301849332, 1.7828957534773382, 1.8277820980574886, 1.8694600023687147], "train_grad_norm_max": [43.34638595581055, 15.841625213623047, 7.550626754760742, 7.084033489227295, 9.985758781433105, 6.174863815307617, 54.22987747192383, 14.992985725402832], "train_param_norm": [8288.55449543494, 7149.699762736822, 6123.58442626035, 5198.282872173767, 4370.429754824062, 3637.6736744716995, 2996.641918401792, 2442.663072986606], "train_param_abs_max": [5.528778076171875, 5.348211765289307, 5.168257236480713, 4.988302707672119, 4.808348178863525, 4.629178047180176, 4.45009708404541, 4.2710161209106445], "train_edit_logit_abs_max": [998244352.0, 998244352.0, 998244352.0, 998244352.0, 998244352.0, 998244352.0, 998244352.0, 998244352.0], "val_edit_logit_abs_max": [998244352.0, 998244352.0, 998244352.0, 998244352.0, 998244352.0, 998244352.0, 998244352.0, 998244352.0], "train_factor_logit_abs_max": [636.0, 466.0, 628.0, 1024.0, 1248.0, 1192.0, 1280.0, 1088.0], "val_factor_logit_abs_max": [2848.0, 1480.0, 532.0, 1344.0, 1024.0, 1640.0, 780.0, 3488.0], "train_chooser_score_abs_max": [140.85946655273438, 276.78924560546875, 503.45745849609375, 572.7037963867188, 646.5364990234375, 512.88037109375, 812.873046875, 636.4365234375], "val_chooser_score_abs_max": [177.5362091064453, 261.3031311035156, 200.7355499267578, 204.99371337890625, 254.65257263183594, 280.4092712402344, 235.8673858642578, 385.9259948730469], "train_chooser_loss": [1.6323960757627796, 1.1244872317232641, 0.8897230891315524, 0.7741942365165675, 0.7188792586698636, 0.6906250066662543, 0.6757224619703528, 0.667219521352279], "val_chooser_loss": [1.36628, 0.96092, 0.79396, 0.7124, 0.69928, 0.6797, 0.67044, 0.6605], "train_direct_safety_loss": [0.0, 0.0, 0.0, 0.0, 0.0, 0.0, 0.0, 0.0], "val_direct_safety_loss": [0.0, 0.0, 0.0, 0.0, 0.0, 0.0, 0.0, 0.0], "train_policy_loss": [0.0, 0.0, 0.0, 0.0, 0.0, 0.0, 0.0, 0.0], "val_policy_loss": [0.0, 0.0, 0.0, 0.0, 0.0, 0.0, 0.0, 0.0], "train_policy_acc": [0.0, 0.0, 0.0, 0.0, 0.0, 0.0, 0.0, 0.0], "val_policy_acc": [0.0, 0.0, 0.0, 0.0, 0.0, 0.0, 0.0, 0.0], "per_slot": {"0": {"train_loss": [0.8738611371243166, 0.37882349678633215, 0.30335003274464084, 0.25926236030197597, 0.2381316675874986, 0.2248199578052771, 0.21265191060179744, 0.20446228393336732], "val_loss": [0.47664, 0.31651, 0.26173, 0.23292, 0.2229, 0.20546, 0.196035, 0.190115], "train_acc": [71.42683439317888, 84.86429639552966, 88.42567606484079, 90.5102404331252, 91.47060768507122, 92.03462612446377, 92.56899306496238, 92.85078896452274], "val_acc": [80.684, 87.712, 90.564, 91.688, 91.972, 92.88, 93.2, 93.472]}, "1": {"train_loss": [1.507155823959691, 0.8271968240898163, 0.6205845398364688, 0.5315468483016518, 0.48240322198733304, 0.4484671881632923, 0.42316422024024114, 0.4051871990852833], "val_loss": [1.19956, 0.71414, 0.54458, 0.46576, 0.44266, 0.39773, 0.37948, 0.36672], "train_acc": [62.04330825399602, 76.93540026323704, 83.19655957284776, 85.85623502759296, 87.23684294731632, 88.18163782933962, 88.79365329931588, 89.2894092952116], "val_acc": [67.484, 80.188, 85.644, 88.092, 88.42, 89.7, 90.036, 90.192]}, "2": {"train_loss": [2.466610065723934, 1.502925685664247, 1.2381889973740292, 1.1001474042139259, 1.0187828379684243, 0.9595651682349252, 0.9129621847395041, 0.8792714690717801], "val_loss": [1.95144, 1.3666, 1.1442, 1.0108, 0.99636, 0.88592, 0.84466, 0.82936], "train_acc": [53.978740515253456, 68.47256383071768, 73.9320660695125, 76.99257005966564, 78.55876649764602, 79.72328111967472, 80.59682707629821, 81.28051811194614], "val_acc": [62.396, 72.352, 77.092, 79.712, 80.184, 81.516, 82.344, 82.856]}, "3": {"train_loss": [0.7154149396623996, 0.2503519782242805, 0.1795760902258847, 0.15545918225859093, 0.14350818829341758, 0.13588652648689467, 0.12945239121206367, 0.1251227924032433], "val_loss": [0.27858, 0.16964, 0.13931, 0.13064, 0.124675, 0.1209475, 0.11653, 0.11571], "train_acc": [77.79508041102524, 90.45669707900738, 93.85893992691652, 94.83509286892118, 95.30546376864152, 95.55867476998756, 95.76495534142954, 95.87566849197596], "val_acc": [88.18, 94.04, 95.336, 95.8, 95.936, 96.096, 96.06, 96.164]}, "4": {"train_loss": [0.5455179839540594, 0.20347941140708095, 0.1553655880489527, 0.134583407106547, 0.12399326228350672, 0.11631773714266211, 0.11040556957542894, 0.10656260732669338], "val_loss": [0.24823, 0.169725, 0.128565, 0.1131925, 0.11031, 0.10534, 0.10014, 0.0985225], "train_acc": [84.24246819930073, 92.86828121566879, 94.83850599109601, 95.60240539785272, 95.98040867871642, 96.22039383163495, 96.41067539288235, 96.53205455022515], "val_acc": [90.964, 94.028, 95.756, 96.272, 96.424, 96.548, 96.6, 96.696]}, "5": {"train_loss": [0.7417386444358642, 0.304801942919798, 0.262308571843022, 0.23965610660887113, 0.2268576984037254, 0.217307889218587, 0.20957290108985258, 0.20464067289703677], "val_loss": [0.3479, 0.26704, 0.23245, 0.21608, 0.21255, 0.20392, 0.19873, 0.197025], "train_acc": [79.34719772003439, 87.51522572470184, 89.14392496250899, 89.95240827767455, 90.4584036400948, 90.8033422998897, 91.0699924697992, 91.22294300725929], "val_acc": [86.944, 88.736, 90.032, 90.692, 90.956, 91.292, 91.368, 91.484]}}, "per_constraint": {"conflictWith": {"train_loss": [1.2174382333729414, 0.5935657123065856, 0.4580688024146431, 0.3961502895600052, 0.3627041416977983, 0.3368186886693469, 0.31814344353670365, 0.3064192640625142], "val_loss": [0.7763267953965903, 0.5054230582760513, 0.42128584514926587, 0.3547590593174933, 0.359877663650829, 0.3328895468196013, 0.32094759092002617, 0.3009388568877934], "train_acc_all6": [31.435309293935056, 49.071815854715496, 61.8204905972225, 67.5548747304134, 70.12073448491323, 72.0113679882289, 73.1159171991212, 73.83145546530143], "val_acc_all6": [39.84168865435356, 52.12966453071994, 66.1138333961553, 71.4662646061063, 71.84319638145496, 73.35092348284961, 73.6901620806634, 74.97173011684885], "train_acc_slot": [65.64072588501669, 80.38316570253764, 85.52462728182802, 87.9473793830918, 88.97164049745027, 89.72950637937637, 90.24046116945155, 90.51525473834143], "val_acc_slot": [75.42404824726725, 83.44013066968212, 87.16547304937806, 89.34539515014448, 89.4082171127026, 89.62181178540017, 89.78514888805127, 90.72747832642291], "train_graph_count": [49613, 49613, 49613, 49613, 49613, 49613, 49613, 49613], "val_graph_count": [2653, 2653, 2653, 2653, 2653, 2653, 2653, 2653], "train_slot_count": [297678, 297678, 297678, 297678, 297678, 297678, 297678, 297678], "val_slot_count": [15918, 15918, 15918, 15918, 15918, 15918, 15918, 15918]}, "distinct": {"train_loss": [0.5238745528114888, 0.1790687840960799, 0.12560705888693974, 0.10607683984346726, 0.09564757088047418, 0.0882636682760366, 0.08264766402648904, 0.07740460842779183], "val_loss": [0.2013453482173026, 0.11145870058787354, 0.09360491885458494, 0.09168173077160108, 0.08067686075352723, 0.07577985781102092, 0.07195920557278011, 0.0671162734083684],